'timestamp';'value'
1635.4059084;1635.4059084
1635.4416804;1635.4416804
1635.4783947;1635.4783947
1635.5141724;1635.5141724
1635.5489176;1635.5489176
1635.5856893;1635.5856893
1635.6206594;1635.6206594
1635.6572972;1635.6572972
1635.6925233;1635.6925233
1635.7292441;1635.7292441
1635.7661711;1635.7661711
1635.8018877;1635.8018877
1635.8383755;1635.8383755
1635.8734821;1635.8734821
1635.9090506;1635.9090506
1635.9473083;1635.9473083
1635.9831225;1635.9831225
1636.0182471;1636.0182471
1636.0556908;1636.0556908
1636.0908307;1636.0908307
1636.12728;1636.12728
1636.1636713;1636.1636713
1636.1986671;1636.1986671
1636.2349628;1636.2349628
1636.2706892;1636.2706892
1636.3074857;1636.3074857
1636.3436838;1636.3436838
1636.3790575;1636.3790575
1636.4168654;1636.4168654
1636.4521761;1636.4521761
1636.4889207;1636.4889207
1636.5256607;1636.5256607
1636.5609851;1636.5609851
1636.5976165;1636.5976165
1636.6332867;1636.6332867
1636.6696166;1636.6696166
1636.7065925;1636.7065925
1636.7421161;1636.7421161
1636.7785371;1636.7785371
1636.8150603;1636.8150603
1636.8511421;1636.8511421
1636.8876646;1636.8876646
1636.9271887;1636.9271887
1636.9624175;1636.9624175
1636.9984095;1636.9984095
1637.0334776;1637.0334776
1637.0688235;1637.0688235
1637.105981;1637.105981
1637.1410431;1637.1410431
1637.1777139;1637.1777139
1637.2141432;1637.2141432
1637.2488835;1637.2488835
1637.2841119;1637.2841119
1637.318903;1637.318903
1637.3555861;1637.3555861
1637.3911775;1637.3911775
1637.4286512;1637.4286512
1637.4661013;1637.4661013
1637.5010568;1637.5010568
1637.537331;1637.537331
1637.5740053;1637.5740053
1637.6087728;1637.6087728
1637.6460941;1637.6460941
1637.6826017;1637.6826017
1637.7182902;1637.7182902
1637.7532915;1637.7532915
1637.78843;1637.78843
1637.8240351;1637.8240351
1637.8590703;1637.8590703
1637.8954778;1637.8954778
1637.9308279;1637.9308279
1637.9683152;1637.9683152
1638.0049748;1638.0049748
1638.0392531;1638.0392531
1638.0765165;1638.0765165
1638.1123456;1638.1123456
1638.1483301;1638.1483301
1638.1872592;1638.1872592
1638.2229611;1638.2229611
1638.2583466;1638.2583466
1638.2961576;1638.2961576
1638.3312181;1638.3312181
1638.3679733;1638.3679733
1638.4058959;1638.4058959
1638.4435082;1638.4435082
1638.4785861;1638.4785861
1638.5160434;1638.5160434
1638.5515643;1638.5515643
1638.5881796;1638.5881796
1638.6231844;1638.6231844
1638.6587388;1638.6587388
1638.6960773;1638.6960773
1638.7310926;1638.7310926
1638.7679149;1638.7679149
1638.8031004;1638.8031004
1638.8386052;1638.8386052
1638.8756731;1638.8756731
1638.9131219;1638.9131219
1638.9520751;1638.9520751
1638.9884769;1638.9884769
1639.0238616;1639.0238616
1639.0590848;1639.0590848
1639.0976646;1639.0976646
1639.1339607;1639.1339607
1639.1690133;1639.1690133
1639.2062984;1639.2062984
1639.2422605;1639.2422605
1639.2784638;1639.2784638
1639.316574;1639.316574
1639.3529303;1639.3529303
1639.3881537;1639.3881537
1639.4232289;1639.4232289
1639.4590993;1639.4590993
1639.4956341;1639.4956341
1639.5323545;1639.5323545
1639.5687883;1639.5687883
1639.6061538;1639.6061538
1639.6415823;1639.6415823
1639.6780257;1639.6780257
1639.7139751;1639.7139751
1639.7489935;1639.7489935
1639.7849784;1639.7849784
1639.8192825;1639.8192825
1639.8563441;1639.8563441
1639.8920966;1639.8920966
1639.9286722;1639.9286722
1639.966096;1639.966096
1640.0013217;1640.0013217
1640.0380832;1640.0380832
1640.0752685;1640.0752685
1640.1104179;1640.1104179
1640.1468586;1640.1468586
1640.1833274;1640.1833274
1640.2188625;1640.2188625
1640.2551336;1640.2551336
1640.290426;1640.290426
1640.3270264;1640.3270264
1640.3632781;1640.3632781
1640.3993143;1640.3993143
1640.4356396;1640.4356396
1640.4704728;1640.4704728
1640.5070948;1640.5070948
1640.543142;1640.543142
1640.5787369;1640.5787369
1640.618713;1640.618713
1640.6539505;1640.6539505
1640.6892201;1640.6892201
1640.726526;1640.726526
1640.7622203;1640.7622203
1640.7983032;1640.7983032
1640.8360703;1640.8360703
1640.8763881;1640.8763881
1640.9132755;1640.9132755
1640.948291;1640.948291
1640.9869262;1640.9869262
1641.0246908;1641.0246908
1641.0595573;1641.0595573
1641.0972061;1641.0972061
1641.1325215;1641.1325215
1641.1684211;1641.1684211
1641.2060381;1641.2060381
1641.2415405;1641.2415405
1641.2788362;1641.2788362
1641.3166488;1641.3166488
1641.3516193;1641.3516193
1641.3879493;1641.3879493
1641.4259072;1641.4259072
1641.4612616;1641.4612616
1641.4980308;1641.4980308
1641.5338731;1641.5338731
1641.5687362;1641.5687362
1641.6053252;1641.6053252
1641.6403944;1641.6403944
1641.6771372;1641.6771372
1641.7125159;1641.7125159
1641.7489253;1641.7489253
1641.7863188;1641.7863188
1641.8220048;1641.8220048
1641.8583911;1641.8583911
1641.8950313;1641.8950313
1641.9308596;1641.9308596
1641.9681587;1641.9681587
1642.0040792;1642.0040792
1642.0397042;1642.0397042
1642.0772904;1642.0772904
1642.113115;1642.113115
1642.1489121;1642.1489121
1642.1868597;1642.1868597
1642.2226708;1642.2226708
1642.2588322;1642.2588322
1642.2965002;1642.2965002
1642.3323442;1642.3323442
1642.3689151;1642.3689151
1642.4066046;1642.4066046
1642.443251;1642.443251
1642.4783525;1642.4783525
1642.5158933;1642.5158933
1642.5511492;1642.5511492
1642.5885772;1642.5885772
1642.6255433;1642.6255433
1642.6607862;1642.6607862
1642.6985638;1642.6985638
1642.7335735;1642.7335735
1642.7689708;1642.7689708
1642.8056716;1642.8056716
1642.841487;1642.841487
1642.8776392;1642.8776392
1642.9170773;1642.9170773
1642.9532204;1642.9532204
1642.9888207;1642.9888207
1643.0250768;1643.0250768
1643.0599397;1643.0599397
1643.0968681;1643.0968681
1643.132688;1643.132688
1643.1686512;1643.1686512
1643.2078403;1643.2078403
1643.2427023;1643.2427023
1643.2782764;1643.2782764
1643.3131891;1643.3131891
1643.3489658;1643.3489658
1643.385111;1643.385111
1643.4216083;1643.4216083
1643.4591193;1643.4591193
1643.4956383;1643.4956383
1643.5313386;1643.5313386
1643.5675617;1643.5675617
1643.6035871;1643.6035871
1643.6383497;1643.6383497
1643.6739743;1643.6739743
1643.7086681;1643.7086681
1643.7465905;1643.7465905
1643.7830185;1643.7830185
1643.8188991;1643.8188991
1643.8562977;1643.8562977
1643.8922068;1643.8922068
1643.9283419;1643.9283419
1643.9666015;1643.9666015
1644.0031754;1644.0031754
1644.0386116;1644.0386116
1644.0759404;1644.0759404
1644.1111722;1644.1111722
1644.1471757;1644.1471757
1644.1830125;1644.1830125
1644.2199234;1644.2199234
1644.2561;1644.2561
1644.2923325;1644.2923325
1644.3285335;1644.3285335
1644.3636804;1644.3636804
1644.3990833;1644.3990833
1644.436087;1644.436087
1644.4725136;1644.4725136
1644.5090206;1644.5090206
1644.5459969;1644.5459969
1644.5810529;1644.5810529
1644.6186209;1644.6186209
1644.6555577;1644.6555577
1644.6908104;1644.6908104
1644.7285543;1644.7285543
1644.7704491;1644.7704491
1644.8072627;1644.8072627
1644.8556452;1644.8556452
1644.8936854;1644.8936854
1644.9341454;1644.9341454
1644.9688854;1644.9688854
1645.0071144;1645.0071144
1645.0444397;1645.0444397
1645.0813149;1645.0813149
1645.1167434;1645.1167434
1645.1524389;1645.1524389
1645.1885865;1645.1885865
1645.2250984;1645.2250984
1645.2603904;1645.2603904
1645.2981438;1645.2981438
1645.3350993;1645.3350993
1645.3710888;1645.3710888
1645.4083031;1645.4083031
1645.444109;1645.444109
1645.4792707;1645.4792707
1645.516369;1645.516369
1645.5511543;1645.5511543
1645.5883409;1645.5883409
1645.6255745;1645.6255745
1645.6619347;1645.6619347
1645.6981148;1645.6981148
1645.7356401;1645.7356401
1645.7716718;1645.7716718
1645.808373;1645.808373
1645.8435367;1645.8435367
1645.8792196;1645.8792196
1645.9159758;1645.9159758
1645.9516011;1645.9516011
1645.9882849;1645.9882849
1646.0248739;1646.0248739
1646.0592594;1646.0592594
1646.0967872;1646.0967872
1646.1329563;1646.1329563
1646.1685643;1646.1685643
1646.2061318;1646.2061318
1646.2407806;1646.2407806
1646.2786039;1646.2786039
1646.3150841;1646.3150841
1646.3502751;1646.3502751
1646.3869136;1646.3869136
1646.422611;1646.422611
1646.4582448;1646.4582448
1646.4960263;1646.4960263
1646.5310407;1646.5310407
1646.5681317;1646.5681317
1646.6040155;1646.6040155
1646.639063;1646.639063
1646.6756312;1646.6756312
1646.7106847;1646.7106847
1646.7472101;1646.7472101
1646.783292;1646.783292
1646.8204667;1646.8204667
1646.857567;1646.857567
1646.8963943;1646.8963943
1646.9336584;1646.9336584
1646.9690139;1646.9690139
1647.0066458;1647.0066458
1647.0432533;1647.0432533
1647.078917;1647.078917
1647.1155897;1647.1155897
1647.1511622;1647.1511622
1647.1880429;1647.1880429
1647.2236367;1647.2236367
1647.260373;1647.260373
1647.296996;1647.296996
1647.3329327;1647.3329327
1647.3682816;1647.3682816
1647.4055881;1647.4055881
1647.4411152;1647.4411152
1647.4787384;1647.4787384
1647.5164873;1647.5164873
1647.5522259;1647.5522259
1647.5904706;1647.5904706
1647.6271116;1647.6271116
1647.6625235;1647.6625235
1647.6983941;1647.6983941
1647.7333289;1647.7333289
1647.7686979;1647.7686979
1647.8055961;1647.8055961
1647.8405171;1647.8405171
1647.8782261;1647.8782261
1647.9153215;1647.9153215
1647.9506667;1647.9506667
1647.9875849;1647.9875849
1648.0231921;1648.0231921
1648.0589143;1648.0589143
1648.095542;1648.095542
1648.1304361;1648.1304361
1648.1673046;1648.1673046
1648.2031172;1648.2031172
1648.2381962;1648.2381962
1648.2764669;1648.2764669
1648.3123541;1648.3123541
1648.3484375;1648.3484375
1648.3835401;1648.3835401
1648.4184405;1648.4184405
1648.4534658;1648.4534658
1648.4888622;1648.4888622
1648.525946;1648.525946
1648.5619965;1648.5619965
1648.5983097;1648.5983097
1648.6341232;1648.6341232
1648.6694677;1648.6694677
1648.7071648;1648.7071648
1648.7423991;1648.7423991
1648.779338;1648.779338
1648.8164357;1648.8164357
1648.8522363;1648.8522363
1648.8885566;1648.8885566
1648.9262751;1648.9262751
1648.9612126;1648.9612126
1648.9986865;1648.9986865
1649.0366579;1649.0366579
1649.0725943;1649.0725943
1649.10847;1649.10847
1649.14554;1649.14554
1649.1804274;1649.1804274
1649.2170699;1649.2170699
1649.2530058;1649.2530058
1649.2903397;1649.2903397
1649.3270022;1649.3270022
1649.3627677;1649.3627677
1649.3986324;1649.3986324
1649.4353157;1649.4353157
1649.470985;1649.470985
1649.5083284;1649.5083284
1649.5438809;1649.5438809
1649.5790401;1649.5790401
1649.616654;1649.616654
1649.6521985;1649.6521985
1649.6888497;1649.6888497
1649.7241639;1649.7241639
1649.7603282;1649.7603282
1649.7976098;1649.7976098
1649.8327149;1649.8327149
1649.8688708;1649.8688708
1649.9051133;1649.9051133
1649.9399385;1649.9399385
1649.9766339;1649.9766339
1650.0119764;1650.0119764
1650.050339;1650.050339
1650.0870935;1650.0870935
1650.1232155;1650.1232155
1650.1587519;1650.1587519
1650.1956134;1650.1956134
1650.2310072;1650.2310072
1650.2675286;1650.2675286
1650.3064545;1650.3064545
1650.3422067;1650.3422067
1650.3789194;1650.3789194
1650.415575;1650.415575
1650.4505267;1650.4505267
1650.487305;1650.487305
1650.5250712;1650.5250712
1650.560279;1650.560279
1650.5969302;1650.5969302
1650.6329237;1650.6329237
1650.6690049;1650.6690049
1650.7066047;1650.7066047
1650.7436679;1650.7436679
1650.7791097;1650.7791097
1650.8163524;1650.8163524
1650.8523454;1650.8523454
1650.8890198;1650.8890198
1650.9271696;1650.9271696
1650.9658603;1650.9658603
1651.0011853;1651.0011853
1651.038022;1651.038022
1651.0740338;1651.0740338
1651.1087577;1651.1087577
1651.1457986;1651.1457986
1651.1812413;1651.1812413
1651.2176466;1651.2176466
1651.25332;1651.25332
1651.2890768;1651.2890768
1651.3269987;1651.3269987
1651.3626119;1651.3626119
1651.3988267;1651.3988267
1651.4367848;1651.4367848
1651.4722161;1651.4722161
1651.5080466;1651.5080466
1651.5465775;1651.5465775
1651.5821288;1651.5821288
1651.6192446;1651.6192446
1651.656439;1651.656439
1651.6925184;1651.6925184
1651.7283236;1651.7283236
1651.7640536;1651.7640536
1651.7988462;1651.7988462
1651.8341029;1651.8341029
1651.8691538;1651.8691538
1651.9055769;1651.9055769
1651.9403516;1651.9403516
1651.9777075;1651.9777075
1652.0140447;1652.0140447
1652.0491238;1652.0491238
1652.0860178;1652.0860178
1652.1208834;1652.1208834
1652.157662;1652.157662
1652.193248;1652.193248
1652.2299319;1652.2299319
1652.2673038;1652.2673038
1652.3035009;1652.3035009
1652.338882;1652.338882
1652.3760175;1652.3760175
1652.4110836;1652.4110836
1652.4477032;1652.4477032
1652.4831954;1652.4831954
1652.5188971;1652.5188971
1652.5541072;1652.5541072
1652.5890139;1652.5890139
1652.6266038;1652.6266038
1652.6614728;1652.6614728
1652.6976236;1652.6976236
1652.7337142;1652.7337142
1652.7691398;1652.7691398
1652.8050742;1652.8050742
1652.8399023;1652.8399023
1652.8768939;1652.8768939
1652.9141432;1652.9141432
1652.9499172;1652.9499172
1652.9869091;1652.9869091
1653.0224482;1653.0224482
1653.0596404;1653.0596404
1653.0963074;1653.0963074
1653.1316651;1653.1316651
1653.1685945;1653.1685945
1653.2049884;1653.2049884
1653.2413008;1653.2413008
1653.2786176;1653.2786176
1653.3156456;1653.3156456
1653.351149;1653.351149
1653.3882116;1653.3882116
1653.4232432;1653.4232432
1653.4588195;1653.4588195
1653.4960461;1653.4960461
1653.5312649;1653.5312649
1653.5677062;1653.5677062
1653.6033014;1653.6033014
1653.6383547;1653.6383547
1653.6766002;1653.6766002
1653.712533;1653.712533
1653.7506991;1653.7506991
1653.7869913;1653.7869913
1653.8226933;1653.8226933
1653.8588313;1653.8588313
1653.8956796;1653.8956796
1653.9305123;1653.9305123
1653.9672473;1653.9672473
1654.0040286;1654.0040286
1654.0387683;1654.0387683
1654.0740042;1654.0740042
1654.1092329;1654.1092329
1654.1460261;1654.1460261
1654.1821873;1654.1821873
1654.2180012;1654.2180012
1654.256105;1654.256105
1654.2924005;1654.2924005
1654.328588;1654.328588
1654.3655684;1654.3655684
1654.3991897;1654.3991897
1654.4363005;1654.4363005
1654.4712817;1654.4712817
1654.5092686;1654.5092686
1654.5460063;1654.5460063
1654.5808667;1654.5808667
1654.6183725;1654.6183725
1654.6553042;1654.6553042
1654.6910126;1654.6910126
1654.7275142;1654.7275142
1654.7634604;1654.7634604
1654.7984957;1654.7984957
1654.8336615;1654.8336615
1654.8691453;1654.8691453
1654.9082183;1654.9082183
1654.9458599;1654.9458599
1654.9808381;1654.9808381
1655.0178929;1655.0178929
1655.0564184;1655.0564184
1655.0921571;1655.0921571
1655.1284907;1655.1284907
1655.165587;1655.165587
1655.2021772;1655.2021772
1655.2385715;1655.2385715
1655.2736053;1655.2736053
1655.3085477;1655.3085477
1655.3449335;1655.3449335
1655.3788567;1655.3788567
1655.4163912;1655.4163912
1655.4524395;1655.4524395
1655.4881284;1655.4881284
1655.5232398;1655.5232398
1655.5588952;1655.5588952
1655.5963142;1655.5963142
1655.6320393;1655.6320393
1655.6684085;1655.6684085
1655.7035458;1655.7035458
1655.7384023;1655.7384023
1655.7760186;1655.7760186
1655.8113393;1655.8113393
1655.850467;1655.850467
1655.8868553;1655.8868553
1655.9225894;1655.9225894
1655.9586065;1655.9586065
1655.9956866;1655.9956866
1656.031334;1656.031334
1656.0690823;1656.0690823
1656.1056236;1656.1056236
1656.1390012;1656.1390012
1656.1764037;1656.1764037
1656.2120804;1656.2120804
1656.248677;1656.248677
1656.2838843;1656.2838843
1656.3187135;1656.3187135
1656.3555694;1656.3555694
1656.3925941;1656.3925941
1656.4290446;1656.4290446
1656.4666782;1656.4666782
1656.5024353;1656.5024353
1656.5382929;1656.5382929
1656.5736855;1656.5736855
1656.6090603;1656.6090603
1656.6449925;1656.6449925
1656.6792871;1656.6792871
1656.7160694;1656.7160694
1656.751989;1656.751989
1656.7888485;1656.7888485
1656.824482;1656.824482
1656.8613142;1656.8613142
1656.9003311;1656.9003311
1656.9403209;1656.9403209
1656.9782658;1656.9782658
1657.0139478;1657.0139478
1657.0489649;1657.0489649
1657.0860246;1657.0860246
1657.1210288;1657.1210288
1657.1576775;1657.1576775
1657.1940707;1657.1940707
1657.2289899;1657.2289899
1657.2663391;1657.2663391
1657.3021573;1657.3021573
1657.3384391;1657.3384391
1657.3740255;1657.3740255
1657.4089674;1657.4089674
1657.4466518;1657.4466518
1657.4829526;1657.4829526
1657.5184266;1657.5184266
1657.5540236;1657.5540236
1657.5892253;1657.5892253
1657.6260702;1657.6260702
1657.6615016;1657.6615016
1657.7004888;1657.7004888
1657.7368413;1657.7368413
1657.773065;1657.773065
1657.8096916;1657.8096916
1657.8467631;1657.8467631
1657.8820161;1657.8820161
1657.9191826;1657.9191826
1657.9557056;1657.9557056
1657.9921755;1657.9921755
1658.0286042;1658.0286042
1658.0650433;1658.0650433
1658.1006276;1658.1006276
1658.137479;1658.137479
1658.173968;1658.173968
1658.2085944;1658.2085944
1658.2467152;1658.2467152
1658.2824731;1658.2824731
1658.3186348;1658.3186348
1658.3568216;1658.3568216
1658.3920566;1658.3920566
1658.428374;1658.428374
1658.4669219;1658.4669219
1658.5021191;1658.5021191
1658.5379159;1658.5379159
1658.5756073;1658.5756073
1658.6122019;1658.6122019
1658.6484822;1658.6484822
1658.6859628;1658.6859628
1658.7208523;1658.7208523
1658.7603916;1658.7603916
1658.7988818;1658.7988818
1658.8355866;1658.8355866
1658.8711698;1658.8711698
1658.9102187;1658.9102187
1658.9503613;1658.9503613
1658.9873326;1658.9873326
1659.0230345;1659.0230345
1659.0588119;1659.0588119
1659.094993;1659.094993
1659.1294851;1659.1294851
1659.1659536;1659.1659536
1659.2008707;1659.2008707
1659.2380588;1659.2380588
1659.2740383;1659.2740383
1659.3090542;1659.3090542
1659.3460959;1659.3460959
1659.3810218;1659.3810218
1659.4182424;1659.4182424
1659.4532857;1659.4532857
1659.4884564;1659.4884564
1659.5263048;1659.5263048
1659.5612187;1659.5612187
1659.5982639;1659.5982639
1659.6341001;1659.6341001
1659.6692344;1659.6692344
1659.7068883;1659.7068883
1659.7424923;1659.7424923
1659.7790344;1659.7790344
1659.8152712;1659.8152712
1659.8507549;1659.8507549
1659.8872032;1659.8872032
1659.9230021;1659.9230021
1659.9587564;1659.9587564
1659.9940301;1659.9940301
1660.0299907;1660.0299907
1660.0663177;1660.0663177
1660.1021174;1660.1021174
1660.1380794;1660.1380794
1660.1732232;1660.1732232
1660.210271;1660.210271
1660.2470258;1660.2470258
1660.2841431;1660.2841431
1660.3196684;1660.3196684
1660.3559927;1660.3559927
1660.3919536;1660.3919536
1660.4290305;1660.4290305
1660.4672385;1660.4672385
1660.5032366;1660.5032366
1660.5392141;1660.5392141
1660.5761574;1660.5761574
1660.6116096;1660.6116096
1660.6489553;1660.6489553
1660.685993;1660.685993
1660.7213121;1660.7213121
1660.7584082;1660.7584082
1660.7954722;1660.7954722
1660.8303404;1660.8303404
1660.867279;1660.867279
1660.9039876;1660.9039876
1660.9408762;1660.9408762
1660.9785538;1660.9785538
1661.0160119;1661.0160119
1661.0510198;1661.0510198
1661.0879816;1661.0879816
1661.1235646;1661.1235646
1661.1589729;1661.1589729
1661.1965102;1661.1965102
1661.2323101;1661.2323101
1661.2686136;1661.2686136
1661.3052575;1661.3052575
1661.3407952;1661.3407952
1661.3781454;1661.3781454
1661.4139583;1661.4139583
1661.449579;1661.449579
1661.4866563;1661.4866563
1661.522725;1661.522725
1661.5588226;1661.5588226
1661.5952807;1661.5952807
1661.6292981;1661.6292981
1661.6659613;1661.6659613
1661.7023888;1661.7023888
1661.7389259;1661.7389259
1661.7741404;1661.7741404
1661.8094824;1661.8094824
1661.8455854;1661.8455854
1661.8811825;1661.8811825
1661.918114;1661.918114
1661.9560413;1661.9560413
1661.9919485;1661.9919485
1662.0289421;1662.0289421
1662.0650377;1662.0650377
1662.0992242;1662.0992242
1662.1355447;1662.1355447
1662.1710108;1662.1710108
1662.2081405;1662.2081405
1662.2438698;1662.2438698
1662.2790535;1662.2790535
1662.3156792;1662.3156792
1662.3521317;1662.3521317
1662.3880076;1662.3880076
1662.4231773;1662.4231773
1662.4605941;1662.4605941
1662.4971307;1662.4971307
1662.5330389;1662.5330389
1662.5683868;1662.5683868
1662.6041484;1662.6041484
1662.6392403;1662.6392403
1662.6763386;1662.6763386
1662.7115255;1662.7115255
1662.7478029;1662.7478029
1662.785958;1662.785958
1662.8216381;1662.8216381
1662.8581985;1662.8581985
1662.8980221;1662.8980221
1662.9338741;1662.9338741
1662.9715366;1662.9715366
1663.0078257;1663.0078257
1663.0450923;1663.0450923
1663.0807942;1663.0807942
1663.1173201;1663.1173201
1663.1535487;1663.1535487
1663.1892703;1663.1892703
1663.2256061;1663.2256061
1663.2611543;1663.2611543
1663.2976361;1663.2976361
1663.3331866;1663.3331866
1663.3683154;1663.3683154
1663.4039995;1663.4039995
1663.4387017;1663.4387017
1663.4767743;1663.4767743
1663.5125424;1663.5125424
1663.5481589;1663.5481589
1663.5860848;1663.5860848
1663.6210145;1663.6210145
1663.6572896;1663.6572896
1663.6933106;1663.6933106
1663.7295891;1663.7295891
1663.7664514;1663.7664514
1663.8020621;1663.8020621
1663.8386127;1663.8386127
1663.8738273;1663.8738273
1663.908977;1663.908977
1663.9460155;1663.9460155
1663.9827039;1663.9827039
1664.0199746;1664.0199746
1664.0565639;1664.0565639
1664.092467;1664.092467
1664.1285944;1664.1285944
1664.165138;1664.165138
1664.2005818;1664.2005818
1664.2382429;1664.2382429
1664.2732785;1664.2732785
1664.3086931;1664.3086931
1664.3456175;1664.3456175
1664.3802514;1664.3802514
1664.4164763;1664.4164763
1664.4518979;1664.4518979
1664.4890354;1664.4890354
1664.5259328;1664.5259328
1664.5619497;1664.5619497
1664.5980978;1664.5980978
1664.6341711;1664.6341711
1664.6689273;1664.6689273
1664.704104;1664.704104
1664.7388407;1664.7388407
1664.7769891;1664.7769891
1664.8125971;1664.8125971
1664.8487804;1664.8487804
1664.8840945;1664.8840945
1664.9229657;1664.9229657
1664.9583443;1664.9583443
1664.9966512;1664.9966512
1665.0324802;1665.0324802
1665.0681581;1665.0681581
1665.1056711;1665.1056711
1665.1411662;1665.1411662
1665.1775754;1665.1775754
1665.212714;1665.212714
1665.2491823;1665.2491823
1665.2866585;1665.2866585
1665.3224933;1665.3224933
1665.3582479;1665.3582479
1665.393696;1665.393696
1665.4290115;1665.4290115
1665.4674748;1665.4674748
1665.5050803;1665.5050803
1665.5408089;1665.5408089
1665.5772257;1665.5772257
1665.6130187;1665.6130187
1665.6496501;1665.6496501
1665.6864877;1665.6864877
1665.7223143;1665.7223143
1665.7587303;1665.7587303
1665.7955093;1665.7955093
1665.8313169;1665.8313169
1665.8684554;1665.8684554
1665.9064741;1665.9064741
1665.9420829;1665.9420829
1665.978363;1665.978363
1666.015546;1666.015546
1666.0515926;1666.0515926
1666.0882986;1666.0882986
1666.1252378;1666.1252378
1666.1620251;1666.1620251
1666.1983506;1666.1983506
1666.2336461;1666.2336461
1666.2688529;1666.2688529
1666.3057008;1666.3057008
1666.3410379;1666.3410379
1666.3772978;1666.3772978
1666.414914;1666.414914
1666.4493019;1666.4493019
1666.4861104;1666.4861104
1666.5219966;1666.5219966
1666.5584749;1666.5584749
1666.5949757;1666.5949757
1666.6288748;1666.6288748
1666.6669029;1666.6669029
1666.7024392;1666.7024392
1666.7385543;1666.7385543
1666.7735911;1666.7735911
1666.8085478;1666.8085478
1666.8454694;1666.8454694
1666.8806427;1666.8806427
1666.9191691;1666.9191691
1666.9555124;1666.9555124
1666.9922044;1666.9922044
1667.0284474;1667.0284474
1667.0660404;1667.0660404
1667.1007634;1667.1007634
1667.1376576;1667.1376576
1667.1753324;1667.1753324
1667.2097102;1667.2097102
1667.2464112;1667.2464112
1667.2815445;1667.2815445
1667.3183664;1667.3183664
1667.3531821;1667.3531821
1667.3895568;1667.3895568
1667.4268767;1667.4268767
1667.4621888;1667.4621888
1667.498393;1667.498393
1667.5352851;1667.5352851
1667.5702024;1667.5702024
1667.6068427;1667.6068427
1667.6420271;1667.6420271
1667.6802057;1667.6802057
1667.7165249;1667.7165249
1667.7523516;1667.7523516
1667.7889671;1667.7889671
1667.8262943;1667.8262943
1667.8619159;1667.8619159
1667.8996053;1667.8996053
1667.9364264;1667.9364264
1667.9721459;1667.9721459
1668.009039;1668.009039
1668.04521;1668.04521
1668.0799926;1668.0799926
1668.1175138;1668.1175138
1668.1531153;1668.1531153
1668.1889424;1668.1889424
1668.2253105;1668.2253105
1668.2603936;1668.2603936
1668.2968084;1668.2968084
1668.3326488;1668.3326488
1668.3687954;1668.3687954
1668.4056605;1668.4056605
1668.4406388;1668.4406388
1668.4769021;1668.4769021
1668.513103;1668.513103
1668.5490417;1668.5490417
1668.5860469;1668.5860469
1668.6210261;1668.6210261
1668.6571055;1668.6571055
1668.6934347;1668.6934347
1668.7298725;1668.7298725
1668.7660947;1668.7660947
1668.8015699;1668.8015699
1668.8379708;1668.8379708
1668.8732922;1668.8732922
1668.9120218;1668.9120218
1668.9519637;1668.9519637
1668.98846;1668.98846
1669.0234975;1669.0234975
1669.05872;1669.05872
1669.097072;1669.097072
1669.1332487;1669.1332487
1669.1683381;1669.1683381
1669.2052674;1669.2052674
1669.2388683;1669.2388683
1669.2759557;1669.2759557
1669.3119983;1669.3119983
1669.3480492;1669.3480492
1669.3837089;1669.3837089
1669.4197044;1669.4197044
1669.4560743;1669.4560743
1669.4921737;1669.4921737
1669.5293201;1669.5293201
1669.566142;1669.566142
1669.601598;1669.601598
1669.6385457;1669.6385457
1669.6755144;1669.6755144
1669.7104699;1669.7104699
1669.747558;1669.747558
1669.7832557;1669.7832557
1669.8182643;1669.8182643
1669.8532174;1669.8532174
1669.8891639;1669.8891639
1669.9261302;1669.9261302
1669.9619556;1669.9619556
1669.9984525;1669.9984525
1670.034089;1670.034089
1670.0696358;1670.0696358
1670.1066852;1670.1066852
1670.1425896;1670.1425896
1670.1801761;1670.1801761
1670.2166347;1670.2166347
1670.2523785;1670.2523785
1670.2899206;1670.2899206
1670.3264377;1670.3264377
1670.3616033;1670.3616033
1670.3983792;1670.3983792
1670.4332045;1670.4332045
1670.4690253;1670.4690253
1670.5071394;1670.5071394
1670.5427026;1670.5427026
1670.5781271;1670.5781271
1670.6131696;1670.6131696
1670.6493146;1670.6493146
1670.6863953;1670.6863953
1670.7220157;1670.7220157
1670.7584297;1670.7584297
1670.7935946;1670.7935946
1670.8288911;1670.8288911
1670.8659208;1670.8659208
1670.9050235;1670.9050235
1670.9426978;1670.9426978
1670.979854;1670.979854
1671.0166251;1671.0166251
1671.0522755;1671.0522755
1671.0883419;1671.0883419
1671.1252584;1671.1252584
1671.161235;1671.161235
1671.1980398;1671.1980398
1671.2332178;1671.2332178
1671.2696403;1671.2696403
1671.3067886;1671.3067886
1671.3427404;1671.3427404
1671.3807326;1671.3807326
1671.4169527;1671.4169527
1671.4523902;1671.4523902
1671.4882656;1671.4882656
1671.5236296;1671.5236296
1671.5585096;1671.5585096
1671.5935833;1671.5935833
1671.6285611;1671.6285611
1671.6636442;1671.6636442
1671.6989274;1671.6989274
1671.7362829;1671.7362829
1671.7731267;1671.7731267
1671.8083444;1671.8083444
1671.845004;1671.845004
1671.8802498;1671.8802498
1671.9166887;1671.9166887
1671.9526748;1671.9526748
1671.9910809;1671.9910809
1672.028016;1672.028016
1672.0640681;1672.0640681
1672.0990849;1672.0990849
1672.1376468;1672.1376468
1672.1740009;1672.1740009
1672.2088034;1672.2088034
1672.2466304;1672.2466304
1672.2825135;1672.2825135
1672.3183465;1672.3183465
1672.3533122;1672.3533122
1672.3907659;1672.3907659
1672.4271363;1672.4271363
1672.4659127;1672.4659127
1672.5016675;1672.5016675
1672.5380336;1672.5380336
1672.5732741;1672.5732741
1672.6089733;1672.6089733
1672.6461138;1672.6461138
1672.6822134;1672.6822134
1672.718383;1672.718383
1672.7549554;1672.7549554
1672.7896523;1672.7896523
1672.826439;1672.826439
1672.8620677;1672.8620677
1672.9022752;1672.9022752
1672.9403076;1672.9403076
1672.9779965;1672.9779965
1673.0152782;1673.0152782
1673.0511981;1673.0511981
1673.0883894;1673.0883894
1673.1241147;1673.1241147
1673.1591659;1673.1591659
1673.1951079;1673.1951079
1673.2303707;1673.2303707
1673.2669882;1673.2669882
1673.3041148;1673.3041148
1673.3399588;1673.3399588
1673.3765075;1673.3765075
1673.4124878;1673.4124878
1673.4490207;1673.4490207
1673.4863509;1673.4863509
1673.5221439;1673.5221439
1673.5605711;1673.5605711
1673.597071;1673.597071
1673.6323636;1673.6323636
1673.6690738;1673.6690738
1673.7055894;1673.7055894
1673.7404959;1673.7404959
1673.7780591;1673.7780591
1673.8136043;1673.8136043
1673.8485697;1673.8485697
1673.8863039;1673.8863039
1673.9211762;1673.9211762
1673.9575883;1673.9575883
1673.9949526;1673.9949526
1674.0288798;1674.0288798
1674.0664355;1674.0664355
1674.1023667;1674.1023667
1674.1380747;1674.1380747
1674.1736825;1674.1736825
1674.2090546;1674.2090546
1674.246009;1674.246009
1674.2830671;1674.2830671
1674.3191365;1674.3191365
1674.356405;1674.356405
1674.3920405;1674.3920405
1674.4291645;1674.4291645
1674.4672714;1674.4672714
1674.502538;1674.502538
1674.5391133;1674.5391133
1674.5760004;1674.5760004
1674.6110449;1674.6110449
1674.6479493;1674.6479493
1674.6841367;1674.6841367
1674.7192796;1674.7192796
1674.757608;1674.757608
1674.7907186;1674.7907186
1674.8275938;1674.8275938
1674.8653008;1674.8653008
1674.9018445;1674.9018445
1674.941314;1674.941314
1674.9790547;1674.9790547
1675.0150099;1675.0150099
1675.0514583;1675.0514583
1675.0878817;1675.0878817
1675.1238628;1675.1238628
1675.158962;1675.158962
1675.1941306;1675.1941306
1675.2303025;1675.2303025
1675.2670017;1675.2670017
1675.3031022;1675.3031022
1675.3385697;1675.3385697
1675.37361;1675.37361
1675.4088258;1675.4088258
1675.4440821;1675.4440821
1675.478803;1675.478803
1675.515466;1675.515466
1675.5516824;1675.5516824
1675.5884082;1675.5884082
1675.6236302;1675.6236302
1675.659092;1675.659092
1675.696107;1675.696107
1675.7316932;1675.7316932
1675.7696622;1675.7696622
1675.8064278;1675.8064278
1675.8415704;1675.8415704
1675.8784769;1675.8784769
1675.9151169;1675.9151169
1675.9499171;1675.9499171
1675.9876635;1675.9876635
1676.0225654;1676.0225654
1676.0583144;1676.0583144
1676.0932907;1676.0932907
1676.1287323;1676.1287323
1676.1638608;1676.1638608
1676.2006799;1676.2006799
1676.2372867;1676.2372867
1676.2733264;1676.2733264
1676.3087677;1676.3087677
1676.3468261;1676.3468261
1676.3831305;1676.3831305
1676.4190271;1676.4190271
1676.4541559;1676.4541559
1676.4903062;1676.4903062
1676.5269167;1676.5269167
1676.5629754;1676.5629754
1676.5996372;1676.5996372
1676.6365672;1676.6365672
1676.6717139;1676.6717139
1676.7083312;1676.7083312
1676.7432937;1676.7432937
1676.7789589;1676.7789589
1676.8150622;1676.8150622
1676.8505479;1676.8505479
1676.888196;1676.888196
1676.923494;1676.923494
1676.9596106;1676.9596106
1676.9976691;1676.9976691
1677.0332217;1677.0332217
1677.0683462;1677.0683462
1677.106364;1677.106364
1677.1427027;1677.1427027
1677.1788838;1677.1788838
1677.2159602;1677.2159602
1677.2521961;1677.2521961
1677.2883627;1677.2883627
1677.3232903;1677.3232903
1677.3596011;1677.3596011
1677.3964518;1677.3964518
1677.4323263;1677.4323263
1677.4690475;1677.4690475
1677.5049739;1677.5049739
1677.5388773;1677.5388773
1677.5752843;1677.5752843
1677.6106485;1677.6106485
1677.6471856;1677.6471856
1677.6824074;1677.6824074
1677.7191692;1677.7191692
1677.7556195;1677.7556195
1677.7915774;1677.7915774
1677.8283606;1677.8283606
1677.865616;1677.865616
1677.9016468;1677.9016468
1677.9381825;1677.9381825
1677.97321;1677.97321
1678.0097135;1678.0097135
1678.0463983;1678.0463983
1678.0819715;1678.0819715
1678.119631;1678.119631
1678.156633;1678.156633
1678.1923877;1678.1923877
1678.230313;1678.230313
1678.267666;1678.267666
1678.3038762;1678.3038762
1678.340273;1678.340273
1678.3766396;1678.3766396
1678.4125078;1678.4125078
1678.449188;1678.449188
1678.4860806;1678.4860806
1678.522235;1678.522235
1678.5584023;1678.5584023
1678.5950145;1678.5950145
1678.6292046;1678.6292046
1678.6661685;1678.6661685
1678.701682;1678.701682
1678.7386974;1678.7386974
1678.7771506;1678.7771506
1678.8130199;1678.8130199
1678.8489896;1678.8489896
1678.8866422;1678.8866422
1678.9235556;1678.9235556
1678.9605422;1678.9605422
1678.9969065;1678.9969065
1679.032756;1679.032756
1679.0684521;1679.0684521
1679.106535;1679.106535
1679.1420157;1679.1420157
1679.178932;1679.178932
1679.2169909;1679.2169909
1679.2527578;1679.2527578
1679.2883758;1679.2883758
1679.3235623;1679.3235623
1679.3592587;1679.3592587
1679.3956578;1679.3956578
1679.4336854;1679.4336854
1679.4690819;1679.4690819
1679.5060546;1679.5060546
1679.5423949;1679.5423949
1679.5783882;1679.5783882
1679.6133292;1679.6133292
1679.6502644;1679.6502644
1679.6871983;1679.6871983
1679.7224524;1679.7224524
1679.7585689;1679.7585689
1679.7938369;1679.7938369
1679.8296246;1679.8296246
1679.8670941;1679.8670941
1679.902641;1679.902641
1679.9392052;1679.9392052
1679.9752905;1679.9752905
1680.0104746;1680.0104746
1680.0468232;1680.0468232
1680.0820718;1680.0820718
1680.1184999;1680.1184999
1680.1535704;1680.1535704
1680.18926;1680.18926
1680.2259351;1680.2259351
1680.2612172;1680.2612172
1680.2980718;1680.2980718
1680.3349294;1680.3349294
1680.3690264;1680.3690264
1680.4071633;1680.4071633
1680.4433261;1680.4433261
1680.4790096;1680.4790096
1680.5156478;1680.5156478
1680.5506719;1680.5506719
1680.5876743;1680.5876743
1680.6227762;1680.6227762
1680.658077;1680.658077
1680.6935345;1680.6935345
1680.7290091;1680.7290091
1680.7659851;1680.7659851
1680.8027009;1680.8027009
1680.838833;1680.838833
1680.8740165;1680.8740165
1680.9163711;1680.9163711
1680.9524439;1680.9524439
1680.9907931;1680.9907931
1681.0273331;1681.0273331
1681.0631378;1681.0631378
1681.0986823;1681.0986823
1681.1349522;1681.1349522
1681.1703629;1681.1703629
1681.2083451;1681.2083451
1681.2452848;1681.2452848
1681.2803217;1681.2803217
1681.3171603;1681.3171603
1681.3523855;1681.3523855
1681.3889482;1681.3889482
1681.4241328;1681.4241328
1681.4605728;1681.4605728
1681.498017;1681.498017
1681.5348709;1681.5348709
1681.5689133;1681.5689133
1681.6065622;1681.6065622
1681.6416349;1681.6416349
1681.6779289;1681.6779289
1681.7141376;1681.7141376
1681.7492199;1681.7492199
1681.7860689;1681.7860689
1681.8210792;1681.8210792
1681.8583425;1681.8583425
1681.8935647;1681.8935647
1681.9288207;1681.9288207
1681.9670775;1681.9670775
1682.0027448;1682.0027448
1682.038619;1682.038619
1682.0756303;1682.0756303
1682.1112855;1682.1112855
1682.148251;1682.148251
1682.183207;1682.183207
1682.2202191;1682.2202191
1682.2571541;1682.2571541
1682.2926319;1682.2926319
1682.3286238;1682.3286238
1682.3652888;1682.3652888
1682.4011329;1682.4011329
1682.4372923;1682.4372923
1682.4721112;1682.4721112
1682.5081635;1682.5081635
1682.5441653;1682.5441653
1682.5793036;1682.5793036
1682.6168686;1682.6168686
1682.6530509;1682.6530509
1682.6888314;1682.6888314
1682.7272515;1682.7272515
1682.7630973;1682.7630973
1682.7987351;1682.7987351
1682.8368861;1682.8368861
1682.8727477;1682.8727477
1682.9150419;1682.9150419
1682.9515596;1682.9515596
1682.9878731;1682.9878731
1683.0230472;1683.0230472
1683.0586621;1683.0586621
1683.0938434;1683.0938434
1683.1289265;1683.1289265
1683.1656416;1683.1656416
1683.2016324;1683.2016324
1683.2383169;1683.2383169
1683.274869;1683.274869
1683.3092193;1683.3092193
1683.34656;1683.34656
1683.3824012;1683.3824012
1683.4191349;1683.4191349
1683.4562913;1683.4562913
1683.4915661;1683.4915661
1683.5280953;1683.5280953
1683.5655816;1683.5655816
1683.6011428;1683.6011428
1683.6389838;1683.6389838
1683.6759519;1683.6759519
1683.7108227;1683.7108227
1683.7486329;1683.7486329
1683.7839471;1683.7839471
1683.819228;1683.819228
1683.8569864;1683.8569864
1683.8935845;1683.8935845
1683.9284152;1683.9284152
1683.9668146;1683.9668146
1684.0032326;1684.0032326
1684.0384253;1684.0384253
1684.0735303;1684.0735303
1684.1090134;1684.1090134
1684.1464732;1684.1464732
1684.1816011;1684.1816011
1684.2184743;1684.2184743
1684.2553301;1684.2553301
1684.2911196;1684.2911196
1684.3273227;1684.3273227
1684.3632006;1684.3632006
1684.3993146;1684.3993146
1684.4362942;1684.4362942
1684.472497;1684.472497
1684.5086592;1684.5086592
1684.5439664;1684.5439664
1684.5788292;1684.5788292
1684.6156946;1684.6156946
1684.6524022;1684.6524022
1684.6886102;1684.6886102
1684.7249627;1684.7249627
1684.7589196;1684.7589196
1684.7959141;1684.7959141
1684.8316848;1684.8316848
1684.8687562;1684.8687562
1684.9079383;1684.9079383
1684.9465011;1684.9465011
1684.9836555;1684.9836555
1685.0207259;1685.0207259
1685.0583;1685.0583
1685.0940709;1685.0940709
1685.1296698;1685.1296698
1685.1666456;1685.1666456
1685.2016709;1685.2016709
1685.238381;1685.238381
1685.2753367;1685.2753367
1685.3116719;1685.3116719
1685.3490894;1685.3490894
1685.3859244;1685.3859244
1685.4216032;1685.4216032
1685.4580127;1685.4580127
1685.4939488;1685.4939488
1685.5290531;1685.5290531
1685.5674916;1685.5674916
1685.6032012;1685.6032012
1685.6387754;1685.6387754
1685.6768238;1685.6768238
1685.7129377;1685.7129377
1685.7492463;1685.7492463
1685.7856988;1685.7856988
